{
	"id": "LiteLoader1.6.2",
	"time": "2013-08-05T12:00:00-04:00",
	"releaseTime": "2013-08-05T12:00:00-04:00",
	"type": "release",
	"minecraftArguments": "--username ${auth_player_name} --session ${auth_session} --gameDir ${game_directory} --assetsDir ${game_assets} --tweakClass com.mumfrey.liteloader.launch.LiteLoaderTweaker --cascadedTweaks cpw.mods.fml.common.launcher.FMLTweaker",
	"libraries": [
		{
			"name": "net.minecraftforge:minecraftforge:9.10.1.871",
			"url": "http://files.minecraftforge.net/maven/"
		},
		{
			"name": "org.ow2.asm:asm-all:4.1"
		},
		{
			"name": "com.mumfrey:liteloader:1.6.2",
			"url": "http://dl.liteloader.com/versions/"
		},
		{
			"name": "net.minecraft:launchwrapper:1.3"
		},
		{
			"name": "lzma:lzma:0.0.1"
		},
		{
			"name": "net.sf.jopt-simple:jopt-simple:4.5"
		},
		{
			"name": "com.paulscode:codecjorbis:20101023"
		},
		{
			"name": "com.paulscode:codecwav:20101023"
		},
		{
			"name": "com.paulscode:libraryjavasound:20101123"
		},
		{
			"name": "com.paulscode:librarylwjglopenal:20100824"
		},
		{
			"name": "com.paulscode:soundsystem:20120107"
		},
		{
			"name": "argo:argo:2.25_fixed"
		},
		{
			"name": "org.bouncycastle:bcprov-jdk15on:1.47"
		},
		{
			"name": "com.google.guava:guava:14.0"
		},
		{
			"name": "org.apache.commons:commons-lang3:3.1"
		},
		{
			"name": "commons-io:commons-io:2.4"
		},
		{
			"name": "net.java.jinput:jinput:2.0.5"
		},
		{
			"name": "net.java.jutils:jutils:1.0.0"
		},
		{
			"name": "com.google.code.gson:gson:2.2.2"
		},
		{
			"name": "org.lwjgl.lwjgl:lwjgl:2.9.0",
			"rules": [
				{
					"action": "allow"
				},
				{
					"action": "disallow",
					"os": {
						"name": "osx",
						"version": "^10\\.5\\.\\d$"
					}
				}
			]
		},
		{
			"name": "org.lwjgl.lwjgl:lwjgl_util:2.9.0",
			"rules": [
				{
					"action": "allow"
				},
				{
					"action": "disallow",
					"os": {
						"name": "osx",
						"version": "^10\\.5\\.\\d$"
					}
				}
			]
		},
		{
			"name": "org.lwjgl.lwjgl:lwjgl-platform:2.9.0",
			"rules": [
				{
					"action": "allow"
				},
				{
					"action": "disallow",
					"os": {
						"name": "osx",
						"version": "^10\\.5\\.\\d$"
					}
				}
			],
			"natives": {
				"linux": "natives-linux",
				"windows": "natives-windows",
				"osx": "natives-osx"
			},
			"extract": {
				"exclude": [
					"META-INF/"
				]
			}
		},
		{
			"name": "org.lwjgl.lwjgl:lwjgl:2.9.1-nightly-20130708-debug3",
			"rules": [
				{
					"action": "allow",
					"os": {
						"name": "osx",
						"version": "^10\\.5\\.\\d$"
					}
				}
			]
		},
		{
			"name": "org.lwjgl.lwjgl:lwjgl_util:2.9.1-nightly-20130708-debug3",
			"rules": [
				{
					"action": "allow",
					"os": {
						"name": "osx",
						"version": "^10\\.5\\.\\d$"
					}
				}
			]
		},
		{
			"name": "org.lwjgl.lwjgl:lwjgl-platform:2.9.1-nightly-20130708-debug3",
			"rules": [
				{
					"action": "allow",
					"os": {
						"name": "osx",
						"version": "^10\\.5\\.\\d$"
					}
				}
			],
			"natives": {
				"linux": "natives-linux",
				"windows": "natives-windows",
				"osx": "natives-osx"
			},
			"extract": {
				"exclude": [
					"META-INF/"
				]
			}
		},
		{
			"name": "net.java.jinput:jinput-platform:2.0.5",
			"natives": {
				"linux": "natives-linux",
				"windows": "natives-windows",
				"osx": "natives-osx"
			},
			"extract": {
				"exclude": [
					"META-INF/"
				]
			}
		}
	],
	"mainClass": "net.minecraft.launchwrapper.Launch"
}