{
    "name": "1.4.7",
    "MCversion": "1.4.7",
    "notes": "Sparta's Mod Pack for 1.4.7",
    "jarmods":
    [
        {
            "id": "minecraftforge-universal-1.4.7-6.6.2.534.zip",
            "version": "6.6.2.534",
            "mcversion": ""
        }
    ],
    "mlmods":
    [
        {
            "id": "xycraft-1.4.7-0.10.18.zip",
            "version": "0.10.18",
            "mcversion": ""
        },
        {
            "id": "BasicComponents_v1.2.6.339.jar",
            "version": "1.2.6",
            "mcversion": ""
        },
        {
            "id": "buildcraft-A-3.4.0.jar",
            "version": "",
            "mcversion": ""
        },
        {
            "id": "CoFHCore-1.4.7.3.zip",
            "version": "1.4.7.3",
            "mcversion": ""
        },
        {
            "id": "industrialcraft-2_1.112.170-lf.jar",
            "version": "1.112.170-lf",
            "mcversion": ""
        },
        {
            "id": "InvTweaks-1.50-1.4.7.zip",
            "version": "",
            "mcversion": ""
        },
        {
            "id": "ironchest-universal-1.4.7-5.1.0.275.zip",
            "version": "5.1.0.275",
            "mcversion": ""
        },
        {
            "id": "OmniTools-3.0.4.zip",
            "version": "3.0.4",
            "mcversion": ""
        },
        {
            "id": "RedPowerCompat-2.0pr6.zip",
            "version": "2.0 Prerelease 6",
            "mcversion": ""
        },
        {
            "id": "RedPowerCore-2.0pr6.zip",
            "version": "2.0 Prerelease 6",
            "mcversion": ""
        },
        {
            "id": "RedPowerDigital-2.0pr6.zip",
            "version": "2.0 Prerelease 6",
            "mcversion": ""
        },
        {
            "id": "RedPowerMechanical-2.0pr6.zip",
            "version": "2.0 Prerelease 6",
            "mcversion": ""
        },
        {
            "id": "ThermalExpansion-2.2.2.2.zip",
            "version": "2.2.2.2",
            "mcversion": ""
        }
    ],
    "coremods":
    [
        {
            "id": "ChickenChunks 1.3.1.2.jar",
            "version": "1.3.1.2",
            "mcversion": ""
        },
        {
            "id": "CodeChickenCore 0.8.1.3.jar",
            "version": "0.8.1.3",
            "mcversion": ""
        },
        {
            "id": "NotEnoughItems 1.4.7.1.jar",
            "version": "1.4.7.1",
            "mcversion": ""
        }
    ]
}
